Xerox Toner Cartridge, Black - 1-pack,Ink Technologies,34.00,0.00,0.00,38.95
Canon Toner Cartridge, Black,Ink Technologies,27.00,0.00,0.00,31.95
Premium Compatibles Toner Cartridge (replaces Canon GPR-18), Black - 1-pack,Jet.com,32.03,2.03,5.99,40.66
Xerox WorkCentre M118 Toner - 13R589,Jet.com,89.99,0.00,0.00,97.41
Canon Toner Cartridge, Black,Jet.com,181.00,0.00,0.00,195.93
Canon PG 40 Black Twin Pack Ink tank, Black - 2-pack,Printer-Cartridges.com,10.95,0.00,0.00,15.90
Canon Toner Cartridge, Black,Printer-Cartridges.com,31.95,0.00,0.00,36.90
Xerox WorkCentre M118 Toner - 13R589,Printer-Cartridges.com,206.95,0.00,0.00,206.95
Xerox Toner Cartridge, Black - 1-pack,247inktoner.com,34.00,0.00,0.00,38.95
Lenovo SCSI external cable - 6.6 ft,NextWarehouse.com,57.65,0.00,0.00,57.65
Premium Compatibles Toner Cartridge (replaces Canon 0264B001AA), Black - 1-pack,NextWarehouse.com,39.14,0.00,0.00,39.14
Premium Compatibles Toner Cartridge (replaces Canon GPR-18), Black - 1-pack,NextWarehouse.com,25.22,0.00,0.00,25.22
Premium Compatibles Toner Cartridge (replaces Canon GPR-17), Black - 1-pack,NextWarehouse.com,55.51,0.00,0.00,55.51
Powerware Rack rail kit,NextWarehouse.com,73.96,0.00,0.00,73.96
Powerware Rack rail kit,NextWarehouse.com,73.96,0.00,0.00,73.96
Canon PG 40 Black Twin Pack Ink tank, Black - 2-pack,Adorama Camera,49.99,0.00,0.00,49.99
Canon Toner Cartridge, Black,CartridgeAmerica.com,21.99,0.00,0.00,25.94
Canon 105 Toner Cartridge, Black - 1-pack,Tonerprice.com,233.97,0.00,0.00,233.97
Xerox SMart Kit Drum kit,Tonerprice.com,311.85,0.00,0.00,311.85
Xerox Drum kit,Tonerprice.com,132.28,0.00,0.00,132.28
Xerox Toner Cartridge, Black - 1-pack,Tonerprice.com,115.90,0.00,0.00,115.90
Canon GPR 19 Toner Cartridge, Black - 1-pack,Tonerprice.com,67.64,0.00,0.00,72.59
Xerox Drum kit,OfficeSupply.com,114.29,0.00,0.00,114.29
Xerox SMart Kit Drum kit,OfficeSupply.com,351.49,0.00,0.00,351.49
Xerox Drum kit,Quill,149.99,0.00,0.00,162.36
Canon 105 Toner Cartridge, Black - 1-pack,Quill,225.99,0.00,0.00,244.63
Canon GPR 19 Toner Cartridge, Black - 1-pack,Quill,69.49,0.00,0.00,75.22
Xerox Toner Cartridge, Black - 1-pack,Quill,134.99,0.00,0.00,146.13
Xerox SMart Kit Drum kit,Quill,378.99,0.00,0.00,410.26
Canon PG 40 Black Twin Pack Ink tank, Black - 2-pack,Quill,49.99,0.00,0.00,54.11
Canon Toner Cartridge, Black,Refill Bay,21.95,0.00,0.00,21.95
Xerox Toner Cartridge, Black - 1-pack,InkjetSuperStore,32.49,0.00,0.00,40.44
Canon PG 40 Black Twin Pack Ink tank, Black - 2-pack,InkjetSuperStore,40.58,0.00,0.00,48.53
Canon 105 Toner Cartridge, Black - 1-pack,InkjetSuperStore,224.75,0.00,0.00,232.70
Xerox Drum kit,ConcordSupplies.com,116.99,0.00,0.00,124.48
Premium Compatibles Toner Cartridge (replaces Canon 0264B001AA), Black - 1-pack,Overstock.com,44.99,0.00,0.00,49.94
Premium Compatibles Toner Cartridge (replaces Canon GPR-18), Black - 1-pack,Overstock.com,31.64,0.00,0.00,36.59
Xerox Toner Cartridge,Ambry.com,238.27,0.00,0.00,257.93
Powerware Rack rail kit,Ambry.com,118.27,0.00,0.00,128.03
Canon IPQ-2 Toner refill, Magenta - 1-pack,Ambry.com,118.27,0.00,0.00,128.03
Canon Toner Cartridge, Black,SuppliesOutlet.com,22.99,0.00,0.00,28.98
Xerox SMart Kit Drum kit,SuppliesOutlet.com,179.99,0.00,0.00,179.99
Xerox Toner Cartridge, Black - 1-pack,Shop Xerox,134.99,0.00,0.00,146.13
Xerox Drum kit,Shop Xerox,149.99,0.00,0.00,162.36
Xerox SMart Kit Drum kit,Shop Xerox,378.99,0.00,0.00,410.26
Xerox Toner Cartridge, Black - 1-pack,ClickInks,29.95,0.00,0.00,34.90
Canon GPR 19 Toner Cartridge, Black - 1-pack,Walmart,57.73,0.00,0.00,62.49
Xerox Drum kit,TonerPirate.com,104.99,4.99,8.70,123.07
Xerox 013R00621 Toner Cartridge, Black,TonerPirate.com,47.27,7.27,9.90,61.89
Canon 105 Toner Cartridge, Black - 1-pack,TonerPirate.com,206.54,6.54,11.70,236.24
Canon GPR 19 Toner Cartridge, Black - 1-pack,TonerPirate.com,55.71,5.71,9.90,71.02
Xerox Drum kit,PccDepot.com,135.00,0.00,0.00,135.00
Canon 105 Toner Cartridge, Black - 1-pack,iBuyOfficeSupply.com,213.99,0.00,0.00,213.99
Xerox Drum kit,iBuyOfficeSupply.com,109.50,0.00,0.00,109.50
Xerox WorkCentre M118 Toner - 13R589,Inkcartridges.com,93.99,0.00,0.00,93.99
Xerox WorkCentre M118 Toner - 13R589,inktonerstore,99.95,0.00,0.00,105.90
Xerox WorkCentre M118 Toner - 13R589,LD Products,93.99,0.00,0.00,93.99
Xerox Toner Cartridge, Black - 1-pack,Newegg.com,103.99,0.00,0.00,105.98
Xerox SMart Kit Drum kit,Newegg.com,340.99,0.00,0.00,343.98
Canon PG 40 Black Twin Pack Ink tank, Black - 2-pack,Newegg.com,49.99,0.00,0.00,50.98
Xerox Toner Cartridge, Black - 1-pack,tonerandinkjetstore.com,41.49,0.00,0.00,48.99
Xerox Toner Cartridge, Black - 1-pack,Tonerworld,117.00,0.00,0.00,117.00
Xerox SMart Kit Drum kit,Tonerworld,351.49,0.00,0.00,351.49
CNM 0251A001AA Canon Staple Cartridges CNM0251A001AA,Tonerworld,30.99,0.00,0.00,39.98
Canon Toner Cartridge, Black,Office Depot,181.99,0.00,0.00,197.00
Canon 105 Toner Cartridge, Black - 1-pack,Office Depot,226.99,0.00,0.00,245.72
Powerware Rack rail kit,Office Depot,248.99,0.00,0.00,269.53
Powerware Rack rail kit,Office Depot,248.99,0.00,0.00,269.53
Canon GPR 19 Toner Cartridge, Black - 1-pack,Quickship.com Toner,45.89,0.00,0.00,52.84
Canon IPQ-2 Toner refill, Magenta - 1-pack,Quickship.com Toner,110.89,0.00,0.00,117.84
Canon 0439B003AA IPQ2 OEM Toner Cartridge: Yellow Yields 35,500 Pages,Quickship.com Toner,110.89,0.00,0.00,117.84
Canon 105 Toner Cartridge, Black - 1-pack,Quickship.com Toner,254.89,0.00,0.00,261.84
Canon Toner Cartridge, Black,Quickship.com Toner,18.89,0.00,0.00,25.84
Xerox SMart Kit Drum kit,Quickship.com Toner,98.89,0.00,0.00,105.84
Xerox WorkCentre M118 Toner - 13R589,Quickship.com Toner,88.89,0.00,0.00,95.84
Xerox Drum kit,A Matter of Fax,130.30,0.00,0.00,136.36
Powerware Rack rail kit,Neobits.com,74.95,0.00,0.00,95.60
Powerware Rack rail kit,Neobits.com,74.95,0.00,0.00,95.60
Premium Compatibles Toner Cartridge (replaces Canon 0264B001AA), Black - 1-pack,Pricefalls.com,45.35,0.00,0.00,45.35
Bretford 4" Caster Pack Rolling Casters - 4 Pack,Wayfair,132.99,0.00,0.00,143.96
CNM 0251A001AA Canon Staple Cartridges CNM0251A001AA,eBay,20.00,0.00,0.00,25.00
Premium Compatibles Toner Cartridge (replaces Canon GPR-17), Black - 1-pack,Memory4Less.com,126.99,0.00,0.00,126.99
Xerox 013R00621 Toner Cartridge, Black,Memory4Less.com,221.78,0.00,0.00,221.78
Xerox Toner Cartridge,Memory4Less.com,207.41,0.00,0.00,207.41
Xerox Toner Cartridge, Yellow,Memory4Less.com,46.56,0.00,0.00,46.56
Bretford 4" Caster Pack Rolling Casters - 4 Pack,Wayfair Supply,132.99,0.00,0.00,143.96
Bretford Rolling Casters - 4 Pack,B&H Photo-Video-Audio,69.95,0.00,0.00,79.32
Canon PG 40 Black Twin Pack Ink tank, Black - 2-pack,B&H Photo-Video-Audio,49.99,0.00,0.00,49.99
Bretford 4" Caster Pack Rolling Casters - 4 Pack,B&H Photo-Video-Audio,49.95,0.00,0.00,59.11
Canon Toner Cartridge, Black,B&H Photo-Video-Audio,181.00,0.00,0.00,181.00
Canon 105 Toner Cartridge, Black - 1-pack,B&H Photo-Video-Audio,199.00,0.00,0.00,199.00
Premium Compatibles Toner Cartridge (replaces Canon GPR-17), Black - 1-pack,Provantage,47.61,0.00,0.00,55.56
Premium Compatibles Toner Cartridge (replaces Canon GPR-18), Black - 1-pack,Provantage,19.82,0.00,0.00,25.27
Premium Compatibles Toner Cartridge (replaces Canon 0264B001AA), Black - 1-pack,Provantage,32.24,0.00,0.00,39.19
Bretford 4" Caster Pack Rolling Casters - 4 Pack,Provantage,66.48,0.00,0.00,74.43
Canon IPQ-2 Toner refill, Magenta - 1-pack,Provantage,83.21,0.00,0.00,99.26
Canon IPQ-2 Toner refill, Magenta - 1-pack,Rakuten.com - pcRUSH,88.85,0.00,0.00,102.74
Canon IPQ-2 Toner refill, Magenta - 1-pack,Shop.com,88.85,0.00,0.00,97.78
Bretford 4" Caster Pack Rolling Casters - 4 Pack,Walmart - Wayfair,132.99,0.00,0.00,143.96
Powerware Rack rail kit,NeutronUSA,75.68,0.00,0.00,75.68
Premium Compatibles Toner Cartridge (replaces Canon GPR-18), Black - 1-pack,NeutronUSA,26.21,0.00,0.00,26.21
Powerware Rack rail kit,NeutronUSA,75.68,0.00,0.00,75.68
Lenovo SCSI external cable - 6.6 ft,NeutronUSA,59.02,0.00,0.00,59.02
Premium Compatibles Toner Cartridge (replaces Canon GPR-17), Black - 1-pack,NeutronUSA,57.71,0.00,0.00,57.71
Premium Compatibles Toner Cartridge (replaces Canon 0264B001AA), Black - 1-pack,GrabCart,35.70,0.00,0.00,41.53
Canon IPQ-2 Toner refill, Magenta - 1-pack,GrabCart,95.56,0.00,0.00,104.33
Xerox WorkCentre M118 Toner - 13R589,4Inkjets,93.99,0.00,0.00,93.99
Canon IPQ-2 Toner refill, Magenta - 1-pack,BisonOffice.com,102.18,0.00,0.00,102.18
Premium Compatibles Toner Cartridge (replaces Canon GPR-18), Black - 1-pack,BisonOffice.com,22.12,0.00,0.00,29.10
Premium Compatibles Toner Cartridge (replaces Canon 0264B001AA), Black - 1-pack,BisonOffice.com,36.85,0.00,0.00,43.83
Canon PG 40 Black Twin Pack Ink tank, Black - 2-pack,BisonOffice.com,49.86,0.00,0.00,56.84
Premium Compatibles Toner Cartridge (replaces Canon 0264B001AA), Black - 1-pack,CompSource,35.83,0.00,0.00,45.73
Premium Compatibles Toner Cartridge (replaces Canon GPR-18), Black - 1-pack,CompSource,23.67,0.00,0.00,33.17
Premium Compatibles Toner Cartridge (replaces Canon GPR-17), Black - 1-pack,CompSource,50.19,0.00,0.00,61.19
Powerware Rack rail kit,CompSource,62.51,0.00,0.00,74.01
Bretford Rolling Casters - 4 Pack,CompSource,90.43,0.00,0.00,101.93
Powerware Rack rail kit,CompSource,62.51,0.00,0.00,74.01
Premium Compatibles Toner Cartridge (replaces Canon GPR-17), Black - 1-pack,2020pc,63.09,0.00,0.00,78.27
Premium Compatibles Toner Cartridge (replaces Canon GPR-18), Black - 1-pack,2020pc,24.74,0.00,0.00,39.92
Premium Compatibles Toner Cartridge (replaces Canon 0264B001AA), Black - 1-pack,2020pc,41.46,0.00,0.00,56.64
Premium Compatibles Toner Cartridge (replaces Canon 0264B001AA), Black - 1-pack,Rakuten.com - BisonOffice,45.78,0.00,0.00,45.78
Bretford Rolling Casters - 4 Pack,Consutronix,103.17,3.17,19.61,132.91
Powerware Rack rail kit,ShopBLT.com,67.03,0.00,0.00,82.24
Powerware Rack rail kit,ShopBLT.com,67.03,0.00,0.00,82.24
Canon PG 40 Black Twin Pack Ink tank, Black - 2-pack,Fry's Electronics,49.99,0.00,0.00,54.11
Premium Compatibles Toner Cartridge (replaces Canon GPR-17), Black - 1-pack,PinnacleMicro,80.00,0.00,0.00,94.48
Bretford Rolling Casters - 4 Pack,Full Compass Systems,75.92,0.00,0.00,88.32
Canon 105 Toner Cartridge, Black - 1-pack,Target,229.99,0.00,0.00,248.96
Canon Toner Cartridge, Black,Target,179.99,0.00,0.00,194.84
Bretford 4" Caster Pack Rolling Casters - 4 Pack,DigitalShopper.com,77.48,0.00,0.00,83.87
Bretford 4" Caster Pack Rolling Casters - 4 Pack,Newegg.com - DigitalShopper,76.35,0.00,0.00,79.35
Premium Compatibles Toner Cartridge (replaces Canon GPR-17), Black - 1-pack,MAXestore,58.14,0.00,0.00,76.56
Premium Compatibles Toner Cartridge (replaces Canon GPR-18), Black - 1-pack,MAXestore,22.94,0.00,0.00,38.73
Bretford 4" Caster Pack Rolling Casters - 4 Pack,ValleySeek,81.20,0.00,0.00,95.00
Premium Compatibles Toner Cartridge (replaces Canon 0264B001AA), Black - 1-pack,ValleySeek,30.37,0.00,0.00,43.57
Canon 0386B003AA 0386B003-AA GPR-22 Toner Cartridge Black,Inkjets.com,19.95,0.00,0.00,23.90
Premium Compatibles Toner Cartridge (replaces Canon GPR-17), Black - 1-pack,Gov Group,47.97,0.00,0.00,63.04
Bretford 4" Caster Pack Rolling Casters - 4 Pack,DEMCO,89.99,9.99,36.00,136.38
Bretford Rolling Casters - 4 Pack,DEMCO,99.99,9.99,40.00,151.53
Canon PG 40 Black Twin Pack Ink tank, Black - 2-pack,The Printer Ink Warehouse,10.95,0.00,0.00,15.90
Xerox SMart Kit Drum kit,Ink4Less,347.99,0.00,0.00,347.99
Canon GPR 19 Toner Cartridge, Black - 1-pack,Ink4Less,54.99,0.00,0.00,54.99
Canon 105 Toner Cartridge, Black - 1-pack,Ink4Less,204.99,0.00,0.00,204.99
Canon IPQ-2 Toner refill, Magenta - 1-pack,American Dictation,119.35,0.00,0.00,119.35
Canon IPQ-2 Toner refill, Magenta - 1-pack,Priceless Ink & Toner,115.97,0.00,0.00,115.97
CNM 0251A001AA Canon Staple Cartridges CNM0251A001AA,Priceless Ink & Toner,42.97,0.00,0.00,47.92
Canon GPR 19 Toner Cartridge, Black - 1-pack,Inkcartridgespot,56.99,0.00,0.00,56.99
Canon 0386B003AA 0386B003-AA GPR-22 Toner Cartridge Black,Carrot Ink,19.95,0.00,0.00,19.95
Powerware Rack rail kit,Walmart - BulkBuys,236.51,0.00,0.00,236.51
Powerware Rack rail kit,Walmart - BulkBuys,236.51,0.00,0.00,236.51
Canon GPR 19 Toner Cartridge, Black - 1-pack,Sun Data Supply,55.95,0.00,0.00,55.95
CNM 0251A001AA Canon Staple Cartridges CNM0251A001AA,Business Supply Source,62.79,0.00,0.00,65.83
Canon GPR 19 Toner Cartridge, Black - 1-pack,InkTuit.com,56.99,0.00,0.00,56.99
Powerware Rack rail kit,Neworldit.com,59.50,0.00,0.00,59.50
Powerware Rack rail kit,Neworldit.com,59.50,0.00,0.00,59.50
Premium Compatibles Toner Cartridge (replaces Canon GPR-17), Black - 1-pack,Neworldit.com,56.61,0.00,0.00,56.61
Canon IPQ-2 Toner refill, Magenta - 1-pack,Toner Laser Cartridge,127.95,0.00,0.00,127.95
Canon 0386B003AA 0386B003-AA GPR-22 Toner Cartridge Black,eSupplyBox,63.33,0.00,0.00,78.88
Premium Compatibles Toner Cartridge (replaces Canon GPR-18), Black - 1-pack,eBay - covebusinessproducts,20.99,0.00,0.00,26.94
Canon 0386B003AA 0386B003-AA GPR-22 Toner Cartridge Black,Rakuten.com - TheMerchantPort,72.18,0.00,0.00,81.18
Canon 0439B003AA IPQ2 OEM Toner Cartridge: Yellow Yields 35,500 Pages,Rakuten.com - TheMerchantPort,192.70,0.00,0.00,201.70
Canon GPR 19 Toner Cartridge, Black - 1-pack,Discount Copier Center,43.99,0.00,0.00,43.99
CNM 0251A001AA Canon Staple Cartridges CNM0251A001AA,Ace Office Machines,67.84,0.00,0.00,78.84
CNM 0251A001AA Canon Staple Cartridges CNM0251A001AA,eBay - 1010wholesale,19.88,0.00,0.00,19.88
Canon PG 40 Black Twin Pack Ink tank, Black - 2-pack,SuppliesGuys,41.40,0.00,0.00,59.36
Xerox Drum kit,SuppliesGuys,122.05,0.00,0.00,122.05
Xerox SMart Kit Drum kit,SuppliesGuys,303.00,0.00,0.00,303.00
Bretford 4" Caster Pack Rolling Casters - 4 Pack,Mega Component,66.48,0.00,0.00,71.48
